,,0,1,2,3,4,5,6,7,8,9,10,11,12,13,14,15,16,17,18,19,20,21,22,23,24,25,26,27,28,29,30,31,32,33,34,35,36,37,38,39,40,41,42,43,44,45,46,47,48,49
0,0,8,5,2,1,5,9,5,8,8,0,0,7,9,6,2,2,1,8,4,2,8,5,1,1,8,3,0,4,2,1,3,4,0,1,6,7,3,0,7,4,9,1,0,8,8,2,0,0,9,8
0,1,8,4,2,3,8,3,8,1,7,3,4,3,6,2,1,4,4,7,0,7,7,5,2,5,5,8,7,0,9,3,6,5,5,7,9,2,2,3,1,9,6,9,0,4,7,1,4,8,1,5
0,2,3,1,5,2,6,7,5,3,7,3,1,3,7,7,2,7,1,2,1,9,1,7,3,4,8,9,2,4,2,2,6,8,6,0,7,4,0,9,7,6,5,4,5,3,8,0,8,6,8,4
0,3,2,8,5,0,0,1,2,5,9,3,7,4,2,0,6,4,1,3,7,6,5,8,1,0,3,9,4,4,9,8,7,1,6,3,0,9,8,7,2,5,6,9,8,6,4,2,1,4,1,4
0,4,3,8,1,9,1,3,4,3,7,8,5,5,3,2,4,8,3,4,7,2,5,7,7,9,5,5,0,4,1,1,9,5,9,3,5,6,7,9,8,7,7,2,4,7,3,9,8,4,2,2
0,5,2,5,8,9,2,8,0,0,8,8,2,4,0,3,6,0,5,0,7,1,1,7,2,0,7,7,1,8,1,6,2,1,6,9,1,3,8,0,0,0,0,0,8,9,3,7,0,6,3,5
0,6,6,8,1,6,5,9,9,3,5,8,5,9,7,6,1,5,0,2,1,3,6,7,5,9,0,6,0,4,7,0,4,7,1,9,5,9,8,1,2,8,3,1,6,2,1,4,0,3,1,2
0,7,7,6,7,3,9,6,0,0,9,3,4,7,8,0,0,1,6,1,7,9,8,6,0,8,5,2,0,2,9,6,1,6,3,2,6,5,7,5,8,3,2,6,3,2,2,7,7,9,4,8
0,8,1,4,3,9,1,6,6,4,5,3,1,2,2,2,4,4,2,5,5,9,8,9,5,3,8,7,1,3,3,8,2,3,5,2,2,9,5,9,1,1,5,8,7,3,5,8,3,3,9,1
0,9,4,0,3,3,7,9,3,7,3,4,0,4,7,8,1,2,8,9,5,8,2,6,1,3,0,8,7,3,6,4,5,9,7,3,2,3,3,1,3,1,0,7,5,3,7,3,9,4,0,5
0,10,0,8,4,1,9,1,3,8,9,4,5,3,2,5,2,7,3,1,2,6,2,1,9,2,2,0,4,1,7,2,2,9,9,2,2,6,9,7,2,5,4,8,8,5,8,6,9,1,4,7
0,11,3,0,4,9,0,8,3,2,2,1,8,0,4,3,6,8,5,5,0,9,3,5,1,6,7,2,7,6,1,2,8,3,4,2,2,9,5,9,6,6,3,1,5,9,5,8,3,9,1,6
0,12,1,2,8,1,3,7,3,9,3,0,5,0,2,7,9,2,8,5,3,8,4,3,3,7,3,0,6,6,1,4,0,1,1,3,0,6,0,2,8,6,0,8,7,8,5,9,5,2,6,1
0,13,6,1,1,3,5,7,5,4,0,1,8,9,4,5,3,6,4,5,6,4,6,3,0,7,0,7,7,2,3,4,2,4,5,4,2,8,0,3,6,2,2,2,0,5,7,0,3,2,1,0
0,14,7,1,7,3,3,8,3,6,0,9,6,5,8,6,5,6,5,9,0,5,7,4,2,0,5,6,1,3,3,3,2,7,4,0,6,3,3,2,1,0,2,9,6,8,7,0,8,4,7,9
0,15,8,6,0,8,8,8,6,1,5,2,6,7,3,4,8,5,7,4,1,2,2,7,3,2,4,7,2,6,0,2,0,1,1,8,5,9,1,9,2,9,6,9,5,5,2,2,8,4,8,0
0,16,4,9,0,9,4,9,7,6,9,9,5,4,5,4,0,9,5,5,4,9,2,5,3,6,4,6,2,6,1,1,0,5,7,8,6,1,5,5,8,9,5,4,5,8,6,3,1,0,5,1
0,17,8,6,1,1,0,4,1,5,3,9,3,9,1,5,2,7,8,3,0,5,9,6,0,7,6,8,0,4,7,9,2,2,8,2,7,0,4,4,2,5,0,4,9,2,7,2,8,7,2,1
0,18,1,3,3,0,2,0,5,0,1,6,6,4,5,9,8,1,0,7,5,2,7,4,0,5,0,4,4,6,1,7,0,3,8,8,0,3,9,0,7,7,0,1,2,4,2,4,3,4,5,9
0,19,2,2,4,7,4,5,3,1,9,2,9,4,7,3,7,2,6,5,9,1,1,9,6,1,8,9,4,0,9,8,3,7,2,8,9,3,2,2,1,0,8,9,9,2,8,7,7,1,2,1
0,20,9,6,7,9,0,7,1,5,5,1,5,7,1,8,3,3,3,4,0,6,1,6,3,3,7,9,2,6,8,4,2,0,0,6,0,7,7,3,9,5,4,0,7,6,3,7,0,5,3,8
0,21,8,4,8,5,7,5,7,8,9,4,9,6,9,3,2,7,4,0,8,6,8,7,4,6,2,2,1,8,9,8,4,6,9,6,0,2,5,3,7,4,0,8,5,8,4,2,2,9,8,8
0,22,7,5,3,7,8,6,6,6,7,0,9,7,7,0,1,2,0,3,1,8,1,1,7,0,8,2,4,4,6,9,5,2,7,0,7,2,3,5,8,1,9,6,3,6,4,6,0,1,3,5
0,23,6,7,9,5,7,1,9,8,1,5,2,7,7,4,9,2,0,0,0,9,0,0,2,2,9,2,6,7,7,8,2,6,4,2,1,8,7,2,5,4,8,5,4,4,3,9,4,2,4,9
0,24,6,8,6,6,0,1,5,4,4,5,7,5,7,6,8,0,1,0,4,5,8,8,5,9,1,2,2,0,8,7,4,7,5,7,5,6,6,1,9,3,6,8,9,2,5,0,8,7,5,6
0,25,6,3,5,2,0,7,1,4,3,1,9,6,5,1,7,3,5,1,9,9,0,0,8,7,2,0,9,2,1,1,7,0,1,4,2,1,9,4,6,8,7,0,2,3,6,2,1,8,0,9
0,26,8,5,8,9,2,9,7,3,1,4,8,1,5,6,6,8,9,5,8,0,2,5,5,9,1,1,2,0,8,9,3,3,4,2,6,8,6,0,9,3,3,5,0,4,2,3,4,9,8,3
0,27,8,0,7,5,3,0,0,7,8,7,5,1,1,6,2,3,4,3,1,3,0,3,6,8,5,0,7,5,8,8,6,5,9,2,9,4,4,0,3,9,1,0,0,3,5,4,6,3,7,2
0,28,9,1,1,9,9,6,8,9,4,4,8,0,7,7,4,7,2,5,5,0,5,9,3,0,5,3,2,4,8,0,7,3,6,5,7,1,5,4,3,6,0,0,0,5,3,0,0,2,2,8
0,29,8,7,3,2,7,9,4,0,5,0,7,9,5,7,7,2,6,7,8,2,3,2,1,2,7,7,6,1,7,6,7,4,6,4,5,0,7,5,0,5,4,9,5,4,8,7,0,6,0,2
0,30,8,0,5,4,1,2,8,5,8,0,2,2,7,2,0,1,2,5,9,8,0,0,7,9,4,6,2,1,5,3,9,6,2,7,9,8,2,1,3,7,5,9,1,0,4,4,2,1,5,8
0,31,4,3,3,0,1,0,9,6,6,3,7,0,1,3,6,7,1,8,9,2,6,7,6,0,9,7,1,5,9,1,2,7,5,4,9,7,5,6,1,6,2,1,9,9,2,8,9,9,1,1
0,32,2,2,0,9,5,9,2,8,3,4,1,2,1,3,2,5,6,6,6,8,7,6,5,7,8,4,2,3,9,4,9,5,3,7,7,0,8,6,9,4,6,3,9,9,7,2,5,8,1,5
0,33,8,1,3,8,0,5,0,2,6,8,3,8,6,5,6,5,2,8,3,7,3,1,6,0,1,1,2,0,8,8,3,1,5,1,5,7,2,2,7,8,6,1,3,1,1,1,1,6,4,8
0,34,3,6,4,8,5,3,4,6,2,4,0,7,4,0,7,6,5,2,8,3,8,0,6,2,2,5,3,6,2,2,0,5,2,1,8,7,9,9,4,4,7,0,4,9,7,8,0,5,4,4
0,35,6,3,6,7,0,7,1,4,7,1,8,3,8,0,2,0,1,3,5,3,0,7,3,6,6,1,0,6,4,7,5,4,0,3,2,5,8,8,9,5,6,9,6,1,9,2,2,5,7,8
0,36,9,5,4,1,5,5,2,3,3,1,2,6,1,8,7,5,3,1,3,7,6,3,6,4,4,3,1,5,5,7,3,0,0,8,2,1,7,7,5,0,7,3,6,8,4,8,9,6,1,7
0,37,1,9,5,4,5,1,0,5,1,0,5,2,0,0,8,6,2,4,5,5,0,3,3,1,7,1,4,0,6,6,3,9,0,2,4,7,2,5,7,1,6,5,7,8,9,0,4,2,2,6
0,38,7,4,9,8,1,6,0,5,2,2,4,7,5,6,8,2,5,7,7,0,0,7,1,9,5,2,3,6,8,4,0,1,8,3,0,5,4,8,7,3,6,2,9,2,2,1,4,4,6,0
0,39,9,9,3,8,9,5,8,0,8,6,9,2,3,1,3,1,4,0,9,0,6,5,7,0,2,2,3,9,1,3,4,7,0,0,8,2,8,6,0,8,1,4,5,9,8,5,3,1,6,5
0,40,2,7,3,2,4,2,4,1,8,0,2,1,5,1,6,8,3,7,3,9,7,0,3,6,4,5,5,9,5,4,5,8,7,8,2,5,2,8,5,6,6,5,9,8,8,4,0,3,5,4
0,41,3,7,5,6,1,7,2,3,5,9,2,4,9,7,7,0,8,5,7,4,1,9,9,6,6,1,0,1,9,5,7,5,4,9,0,3,3,6,5,1,1,3,2,8,1,0,8,3,5,2
0,42,7,9,3,3,9,6,0,7,4,2,7,0,7,1,4,4,5,3,4,9,0,0,3,6,7,8,0,9,6,1,0,7,2,3,5,9,9,1,2,5,2,9,3,0,7,7,3,5,1,2
0,43,2,2,5,4,6,6,3,9,8,3,7,6,9,2,1,3,9,5,7,8,3,6,9,6,7,3,3,8,5,9,5,4,9,6,0,3,1,4,5,6,3,9,5,3,6,6,0,8,1,7
0,44,8,9,8,3,4,9,8,4,5,3,5,8,3,7,7,2,3,4,9,4,4,5,6,0,6,6,9,9,2,6,5,4,4,4,0,1,0,4,6,1,4,0,5,8,0,5,3,1,4,5
0,45,8,3,5,9,0,5,3,4,3,1,6,9,3,1,7,5,9,3,1,0,7,8,7,5,4,1,8,6,5,3,8,9,9,4,1,7,3,3,8,8,0,4,8,1,4,0,4,4,9,8
0,46,9,5,2,4,9,2,5,4,1,4,0,6,9,4,9,6,8,1,4,0,3,4,8,3,5,0,6,7,6,4,9,2,5,9,1,2,4,4,6,1,8,5,7,8,3,6,0,9,0,3
0,47,5,2,4,1,1,7,1,7,7,5,1,7,1,4,8,4,5,9,9,0,0,9,2,6,0,4,6,0,2,3,8,1,6,7,4,0,1,7,2,7,2,0,3,0,9,1,5,0,5,0
0,48,7,3,0,5,3,1,3,3,6,0,7,0,4,8,8,4,7,9,1,7,9,8,0,1,0,5,7,9,5,9,7,4,0,1,8,7,9,0,5,0,7,6,6,8,1,3,6,4,5,2
0,49,4,5,2,0,5,1,3,5,2,9,8,4,9,2,1,8,4,8,1,8,5,2,6,7,9,4,0,0,7,2,3,8,9,0,8,6,2,2,6,1,8,3,3,1,3,0,3,6,4,7
1,0,7,6,9,2,2,8,2,4,7,4,1,1,0,1,2,1,3,6,2,5,6,5,8,1,2,3,2,6,9,3,2,5,1,9,0,1,0,8,5,0,6,4,2,3,0,0,1,5,9,6
1,1,6,4,7,9,9,3,2,1,7,9,4,5,0,5,4,6,3,9,4,9,6,7,0,0,8,5,8,9,5,4,5,1,4,4,4,8,2,0,3,6,9,5,1,1,9,8,7,2,4,7
1,2,4,0,2,5,8,9,7,8,3,6,9,7,9,3,8,9,0,9,6,8,8,4,3,2,1,2,5,4,4,4,4,4,3,3,5,5,2,6,2,5,0,4,9,5,1,4,7,9,9,0
1,3,9,5,0,4,6,8,3,0,7,0,6,5,5,8,7,1,5,0,6,0,5,1,9,6,7,3,7,2,5,0,0,5,2,2,0,7,7,6,7,8,5,3,4,5,0,5,2,7,1,7
1,4,9,0,8,2,0,1,7,9,4,8,6,5,4,3,6,4,4,5,2,5,9,9,4,5,5,3,0,0,8,4,3,5,9,3,5,8,0,7,2,0,8,9,6,2,9,5,4,4,8,6
1,5,5,2,4,5,3,6,8,0,5,7,2,1,2,4,2,0,2,8,8,2,5,0,9,1,8,6,6,9,9,7,5,3,7,6,3,5,7,5,6,4,6,8,8,5,0,9,2,5,4,1
1,6,9,9,9,3,0,6,8,2,7,1,2,2,2,6,1,1,6,8,2,2,0,3,1,7,6,8,8,0,1,5,5,8,2,4,1,1,3,0,6,1,3,5,8,4,9,4,0,8,9,1
1,7,6,9,6,5,3,7,8,9,9,7,0,4,2,2,2,8,0,6,0,1,4,5,9,7,5,7,8,8,5,5,1,3,3,9,1,2,9,9,9,9,2,8,6,0,5,9,7,2,7,7
1,8,2,1,1,5,3,3,2,2,1,1,3,4,4,8,4,3,5,8,9,8,3,2,0,2,6,7,8,0,7,7,7,4,1,3,9,0,0,8,1,4,0,1,3,2,2,0,2,8,5,2
1,9,0,0,6,1,0,0,2,9,4,4,4,5,9,2,3,8,3,7,5,4,5,3,2,5,5,8,8,4,2,3,0,2,1,4,7,5,9,7,7,1,7,5,2,2,7,3,1,4,0,4
1,10,1,8,6,7,3,5,1,6,5,6,1,6,5,3,2,0,1,9,6,4,7,3,9,8,4,0,8,0,5,8,7,8,5,7,0,2,3,5,1,0,3,0,7,5,7,0,1,5,4,2
1,11,5,6,6,0,8,0,3,7,1,7,4,3,7,8,2,3,4,0,2,0,3,6,7,0,3,0,7,7,1,5,6,5,4,8,4,9,3,7,1,3,4,0,7,7,6,5,3,8,2,9
1,12,4,6,9,8,7,6,6,6,5,3,4,2,0,8,8,3,8,0,8,0,1,2,0,7,2,9,4,6,2,6,6,7,7,0,0,5,6,5,3,7,1,9,5,0,6,6,4,6,2,1
1,13,7,7,6,7,9,1,1,6,1,6,8,3,9,3,1,0,1,2,9,8,1,2,7,8,0,2,9,7,0,8,9,1,4,8,4,0,0,7,9,6,4,9,6,0,5,5,9,8,5,7
1,14,7,5,9,8,1,3,7,5,1,2,5,7,6,4,1,9,5,5,5,1,9,2,0,1,3,8,3,4,4,6,2,5,9,6,9,5,2,7,5,0,7,2,0,5,1,2,0,4,4,9
1,15,9,4,7,1,1,0,6,3,4,5,1,8,4,0,3,3,1,6,6,0,7,3,9,1,3,6,1,8,2,8,7,1,1,6,9,5,6,3,8,2,9,1,5,1,4,8,8,7,2,9
1,16,8,5,9,6,7,0,2,9,4,7,8,6,6,2,3,3,5,7,7,5,6,5,5,4,9,1,8,0,1,6,2,6,8,0,2,1,0,8,9,4,0,8,5,6,2,4,0,6,8,2
1,17,6,4,7,2,8,0,3,7,8,9,4,0,3,2,0,6,2,1,9,6,8,1,3,5,0,4,8,1,3,9,0,7,6,7,3,1,7,0,9,2,3,7,2,7,9,2,9,3,2,5
1,18,4,5,1,6,7,9,7,9,3,6,6,9,2,8,7,8,2,6,9,2,7,2,1,8,4,0,3,8,9,6,1,2,3,6,2,7,5,9,5,2,2,1,6,3,2,3,0,3,4,0
1,19,2,7,4,1,5,8,9,7,3,2,6,3,8,1,2,5,7,0,0,3,3,7,0,4,8,4,9,0,8,9,9,3,8,1,6,5,3,5,9,4,6,9,1,0,1,1,7,4,5,0
1,20,6,4,0,5,5,6,9,6,8,2,8,5,5,5,7,9,8,7,8,3,3,0,4,1,2,9,8,4,8,5,3,7,0,1,5,3,2,8,1,7,4,2,8,5,0,5,9,3,1,6
1,21,1,6,3,0,4,9,9,4,0,6,9,4,0,8,5,4,3,6,9,5,9,2,1,5,8,5,6,4,3,7,0,2,2,4,7,6,3,2,5,7,4,8,4,0,1,3,2,8,3,2
1,22,3,0,1,8,6,8,2,2,4,3,2,7,3,3,9,0,0,1,9,8,3,4,6,6,6,9,4,1,7,4,6,8,7,9,7,2,0,1,5,6,1,1,2,1,0,7,6,4,6,9
1,23,0,8,4,8,3,6,9,2,8,4,8,1,6,1,6,4,1,0,6,9,0,6,3,8,1,1,6,1,8,0,9,3,2,8,4,5,6,4,3,6,8,0,9,6,8,1,9,1,5,7
1,24,0,5,7,2,8,3,2,5,2,1,5,5,1,1,7,4,2,5,1,0,9,9,3,6,1,2,1,6,0,0,0,0,8,0,7,7,5,9,7,6,3,5,1,2,7,6,3,6,5,6
1,25,5,9,1,1,2,2,9,8,2,4,5,6,8,7,4,0,5,3,7,5,5,5,7,9,9,6,8,6,9,0,2,6,6,1,0,9,9,3,6,5,1,5,7,3,4,9,6,1,3,9
1,26,4,2,8,5,7,1,6,6,6,7,5,5,3,7,3,1,6,5,8,1,4,5,4,6,7,9,4,4,0,5,0,8,6,3,9,8,9,7,4,0,3,5,2,7,0,6,4,5,1,2
1,27,9,4,6,2,6,6,8,0,4,0,5,6,6,4,4,8,8,4,5,2,0,3,0,7,7,4,1,9,2,8,8,2,8,5,4,4,6,9,2,1,4,2,1,8,1,4,0,7,6,0
1,28,5,8,5,2,4,7,6,7,1,9,7,9,9,0,5,8,6,4,9,7,7,0,6,7,7,3,6,9,8,7,5,6,1,7,9,0,1,6,0,1,0,8,5,0,1,1,4,7,0,5
1,29,4,8,8,3,9,7,5,2,1,1,7,1,7,0,2,8,9,9,8,8,4,1,3,7,8,8,7,3,2,1,8,3,7,4,4,3,1,9,2,0,1,0,1,3,0,1,1,3,8,2
1,30,3,1,6,1,0,0,7,5,0,0,6,4,8,2,0,2,9,7,5,3,2,1,9,4,1,4,0,8,5,7,4,2,3,0,7,1,5,5,7,4,0,8,1,7,2,9,2,6,1,2
1,31,6,5,9,0,8,2,9,4,5,3,6,4,6,4,4,4,1,5,5,5,9,9,0,2,9,4,1,1,6,8,2,8,7,8,2,5,6,4,9,5,1,8,5,8,8,4,7,2,6,6
1,32,5,9,5,9,0,4,5,7,2,0,6,6,5,5,1,2,5,9,1,2,9,8,3,0,0,9,7,4,7,7,6,9,9,4,3,9,8,2,0,5,5,8,4,3,2,8,0,8,3,7
1,33,9,5,3,2,1,0,7,5,4,9,4,8,3,6,4,4,7,6,8,8,0,4,3,6,5,3,5,9,1,6,9,1,6,7,1,9,7,5,4,5,9,1,6,1,3,4,9,3,9,6
1,34,3,9,3,1,6,8,1,4,0,2,2,5,6,4,0,4,9,0,3,0,1,7,0,1,7,2,2,4,0,5,1,9,0,6,6,5,0,8,8,4,9,3,7,9,3,4,2,8,1,9
1,35,0,8,0,6,6,8,2,6,0,9,6,8,7,6,4,5,6,2,3,6,6,7,6,7,4,1,1,0,4,8,1,4,6,5,7,5,0,1,1,3,2,2,6,0,6,3,9,3,7,9
1,36,2,5,8,7,0,8,5,4,9,2,0,6,3,0,1,0,6,8,3,3,7,2,4,2,3,5,8,6,4,4,9,7,1,4,5,1,9,2,4,5,0,8,8,9,5,0,7,4,7,5
1,37,3,0,8,3,9,7,0,7,2,5,5,8,0,2,1,5,1,2,7,7,1,6,7,0,9,6,4,9,9,5,8,6,2,0,1,4,1,5,7,0,4,2,3,8,9,3,3,5,0,8
1,38,0,0,7,9,8,4,2,7,5,8,2,9,1,3,7,8,8,1,5,7,3,5,2,5,3,0,2,3,3,6,3,6,5,4,4,9,9,3,9,9,0,1,5,9,1,9,7,2,3,1
1,39,7,9,4,0,3,5,4,2,3,7,2,3,2,6,1,7,2,0,0,2,3,4,0,7,7,5,5,4,1,8,0,9,7,0,8,7,3,9,7,2,2,7,6,4,4,0,2,4,4,7
1,40,3,2,5,5,4,0,4,4,3,1,7,1,4,2,0,8,0,7,9,4,7,6,5,9,9,8,8,8,8,3,4,9,7,0,5,8,1,5,8,9,5,5,5,0,0,6,1,5,4,9
1,41,7,9,5,1,5,9,2,2,3,2,6,0,5,8,3,8,1,1,6,5,3,0,6,1,3,2,7,7,3,9,7,7,6,1,3,3,1,0,9,5,9,8,2,4,2,5,8,8,3,5
1,42,9,0,6,9,7,0,2,3,8,2,0,5,9,3,6,9,4,9,9,4,5,2,0,7,6,7,7,9,8,7,9,6,8,2,5,1,8,0,7,9,9,3,1,5,7,8,5,4,0,5
1,43,5,7,2,8,6,4,0,9,5,8,7,1,5,0,7,3,7,4,5,0,4,4,0,9,3,5,6,6,3,6,9,7,9,0,2,8,4,7,2,5,7,7,7,9,2,8,5,4,0,5
1,44,6,2,1,2,6,4,3,5,5,5,7,8,4,6,7,7,0,3,0,0,2,3,7,4,6,9,2,6,1,8,9,3,3,6,2,5,4,3,5,7,1,0,1,8,5,0,1,8,6,0
1,45,7,9,2,5,4,2,6,9,8,1,9,4,0,9,9,2,2,4,6,5,3,8,2,9,8,8,0,1,9,4,1,2,1,3,7,1,9,4,9,3,0,1,5,6,4,6,8,1,0,8
1,46,0,9,6,7,0,5,6,0,6,3,5,9,7,3,5,5,5,4,5,5,6,7,3,7,2,8,5,7,6,5,9,9,0,4,1,5,4,2,5,1,9,0,6,1,2,4,9,7,5,9
1,47,9,4,6,3,6,8,6,8,7,9,9,1,7,1,6,2,5,7,5,6,5,8,2,1,9,6,6,0,9,4,5,6,9,6,6,3,7,0,3,0,9,5,1,2,0,8,0,7,5,1
1,48,7,6,5,9,4,3,5,2,8,0,3,3,8,8,0,7,2,0,2,0,5,2,7,5,5,1,1,4,3,2,0,4,2,2,7,2,3,7,4,6,4,2,8,1,9,9,9,6,9,5
1,49,5,2,3,0,6,0,0,5,3,2,2,5,6,5,7,1,3,4,9,8,5,7,9,5,2,7,4,9,9,9,3,8,5,1,0,4,4,5,7,3,0,9,2,4,6,3,4,4,0,8
2,0,5,6,0,1,2,3,2,3,9,8,7,1,2,6,5,9,6,1,7,6,3,6,3,7,0,8,0,9,5,9,5,7,0,2,6,9,0,6,8,2,5,3,8,8,0,5,7,1,3,9
2,1,4,5,2,4,1,8,9,8,8,4,6,7,3,1,3,1,0,0,9,8,4,4,3,5,3,9,6,8,9,1,6,6,2,6,6,2,8,0,1,9,4,5,8,0,2,7,7,5,6,8
2,2,3,0,2,2,4,9,5,6,1,6,2,5,8,7,8,0,8,7,6,7,5,9,9,1,5,4,0,9,0,6,1,0,5,7,8,5,2,9,7,4,8,2,0,7,0,3,4,2,3,8
2,3,8,0,4,2,0,7,7,8,9,9,6,6,1,9,9,4,3,9,3,4,5,8,5,3,4,6,8,7,7,9,3,6,1,4,2,2,4,7,9,4,8,3,2,5,1,9,4,9,4,1
2,4,5,9,2,3,4,9,6,6,2,5,6,5,5,4,6,5,0,2,9,4,7,5,1,3,3,7,3,3,3,5,5,0,8,9,7,7,7,5,0,0,3,5,2,4,9,9,0,1,7,1
2,5,5,5,7,6,7,3,5,9,1,0,3,3,5,8,4,5,6,1,2,2,5,6,2,1,2,7,9,1,0,2,1,0,4,2,3,7,0,2,5,6,5,2,4,8,7,8,8,8,3,4
2,6,5,6,3,6,6,3,0,9,7,7,4,6,0,9,0,0,7,3,4,0,0,2,5,2,5,9,5,0,6,5,0,3,2,3,1,0,7,5,7,8,5,7,6,2,6,2,9,4,5,3
2,7,0,1,0,3,3,9,5,5,0,2,1,4,7,8,3,9,8,0,3,5,2,4,4,1,5,2,9,7,7,5,2,8,8,5,3,5,1,2,5,8,7,0,7,9,5,8,7,1,7,3
2,8,6,1,4,9,1,2,3,1,8,0,1,4,4,2,6,6,6,6,1,0,7,2,4,1,6,8,3,1,3,4,8,0,3,5,4,1,5,3,3,3,3,8,8,2,8,6,5,5,2,6
2,9,0,1,8,2,7,4,0,7,0,0,3,9,7,4,5,4,4,1,6,2,8,1,7,8,4,1,2,1,1,0,5,2,4,2,6,8,6,8,2,9,5,0,8,1,7,5,0,4,5,5
2,10,2,7,5,9,0,9,2,1,3,1,8,4,9,6,8,8,8,3,5,4,7,0,5,0,3,6,9,2,1,9,2,3,4,2,5,7,8,1,9,2,9,5,1,9,4,5,9,3,3,2
2,11,7,3,0,0,5,9,9,5,8,9,1,3,8,8,1,7,6,3,8,8,1,4,6,1,3,8,2,5,6,1,3,6,7,9,7,8,6,1,4,4,5,0,1,0,4,6,4,5,1,7
2,12,8,4,2,5,0,2,4,5,8,3,2,7,3,0,3,3,0,4,2,5,0,9,3,4,8,2,8,0,0,5,1,2,7,7,1,6,5,1,9,9,4,0,2,7,3,3,0,6,3,2
2,13,8,7,6,6,8,4,9,0,5,1,2,3,1,2,1,6,0,8,2,9,6,4,7,7,2,9,9,2,0,1,4,3,1,8,8,5,1,1,8,4,9,2,6,3,3,1,5,6,0,1
2,14,6,3,2,0,9,1,0,4,8,1,1,3,2,8,1,3,7,9,1,4,0,7,7,4,2,2,5,4,4,8,8,2,5,2,5,5,6,2,4,8,8,3,9,7,1,7,6,0,7,8
2,15,0,5,0,2,7,3,4,6,4,4,9,5,1,1,4,0,0,7,6,9,4,6,6,9,1,5,7,8,7,2,7,7,1,2,0,5,1,1,2,6,0,9,0,5,6,9,2,7,7,8
2,16,6,8,2,6,6,1,7,2,9,4,7,3,7,1,4,1,5,1,0,3,9,4,9,6,4,9,7,4,1,1,5,1,0,5,7,8,3,9,4,1,1,9,0,2,1,2,1,9,9,1
2,17,2,0,4,1,4,4,4,4,8,8,3,8,0,5,0,4,0,9,3,2,5,0,5,2,0,4,3,2,9,0,6,3,1,7,9,9,4,9,2,6,7,1,7,7,3,7,4,1,1,3
2,18,5,5,0,1,0,8,8,5,2,4,2,5,8,4,5,2,0,0,2,1,1,3,9,6,3,0,3,2,8,4,2,6,1,0,1,1,6,9,5,2,5,7,5,8,2,7,7,5,6,0
2,19,4,3,8,2,8,4,5,9,9,1,2,7,9,8,3,9,1,5,7,2,0,4,6,3,5,3,6,0,3,7,8,4,1,1,7,8,1,3,1,0,0,3,0,6,0,8,6,5,1,0
2,20,3,8,5,8,5,1,1,4,7,8,9,3,5,8,6,8,4,9,3,8,6,6,2,7,1,0,0,8,2,6,9,3,4,0,2,9,0,4,9,1,6,7,1,6,3,3,2,5,4,6
2,21,1,1,5,4,3,6,8,2,5,1,6,6,2,8,9,7,1,6,6,6,8,1,6,4,1,5,0,0,0,7,8,1,6,4,4,8,2,1,5,5,9,6,4,6,1,2,6,9,4,3
2,22,8,4,0,0,1,1,8,2,9,2,3,4,3,3,1,1,6,7,0,8,8,0,0,6,7,1,2,1,7,6,0,5,8,0,7,2,7,9,7,6,8,3,8,3,5,2,3,3,3,1
2,23,2,2,7,7,5,9,1,5,3,3,6,2,0,5,2,1,8,8,1,0,4,0,5,4,9,3,9,0,4,8,8,5,4,8,6,9,2,9,0,7,2,5,0,0,0,4,4,1,5,1
2,24,3,3,9,0,9,5,0,9,5,6,2,7,8,0,3,8,5,4,7,1,4,9,8,0,8,7,5,2,2,5,2,9,7,3,6,9,5,2,0,5,1,4,2,1,0,9,5,6,3,0
2,25,3,8,1,9,1,8,2,8,5,7,1,7,3,1,9,9,0,6,2,6,1,1,0,4,1,0,6,3,5,8,7,6,0,2,0,1,4,5,9,7,4,6,1,8,5,6,0,1,4,6
2,26,5,5,7,5,9,9,3,0,1,5,7,6,8,6,7,9,8,4,4,1,2,1,8,0,9,5,3,4,5,1,0,2,8,0,6,2,4,6,0,9,1,9,2,6,0,2,6,7,3,6
2,27,1,2,5,9,6,9,7,8,3,4,4,5,8,2,2,0,4,7,4,5,4,9,3,5,6,5,6,3,7,1,4,2,6,7,3,3,6,0,4,6,9,6,8,4,3,0,8,7,3,0
2,28,7,5,4,8,8,6,7,6,6,3,6,6,5,4,1,1,2,3,0,9,2,6,1,1,8,8,6,6,5,3,7,1,6,2,8,1,6,4,9,3,7,9,5,8,2,3,7,6,1,4
2,29,0,0,5,9,8,1,6,8,3,5,4,4,7,4,7,2,2,5,9,8,2,4,7,5,2,6,0,2,9,7,7,4,3,3,0,3,6,0,5,4,6,7,0,3,0,2,4,7,7,9
2,30,7,3,5,8,2,6,9,5,4,5,3,0,2,2,2,9,0,3,4,0,8,9,1,5,0,5,5,7,5,7,4,0,9,2,1,8,5,9,8,8,8,9,4,7,4,6,5,9,0,4
2,31,0,2,6,7,9,8,3,1,8,7,0,8,2,7,1,5,9,9,3,4,5,0,6,6,3,7,0,3,1,0,6,9,0,7,1,8,6,4,1,0,8,5,8,3,0,8,1,1,5,0
2,32,7,2,5,2,7,8,2,3,1,2,4,8,1,8,8,1,2,9,3,0,9,9,6,3,8,1,0,1,4,2,8,4,3,4,2,1,9,3,3,3,5,2,8,4,3,0,6,9,4,3
2,33,3,6,0,8,6,0,9,0,4,0,6,8,6,8,4,3,3,5,7,2,6,4,5,6,3,7,4,6,3,5,3,4,1,9,1,0,8,0,9,7,3,2,6,3,2,1,7,9,8,9
2,34,7,8,1,4,8,9,7,1,5,3,2,8,8,8,1,8,7,9,6,8,5,3,2,6,0,2,9,2,2,7,1,6,7,9,5,2,0,9,2,6,9,5,4,7,6,2,1,1,4,1
2,35,7,9,0,8,0,1,1,4,3,9,2,5,5,2,4,7,6,3,2,5,2,5,1,6,9,7,3,6,3,5,0,9,8,0,6,6,0,1,8,2,4,1,4,0,8,2,8,8,1,7
2,36,3,1,9,2,8,2,6,0,1,1,0,3,7,1,9,9,5,9,8,6,1,1,0,2,5,2,4,8,5,2,1,2,0,5,1,6,5,5,9,6,2,9,0,2,7,5,3,2,1,1
2,37,5,8,6,3,0,6,9,4,7,5,6,9,4,8,9,8,0,1,3,0,3,6,8,1,8,5,0,4,6,3,5,8,2,4,1,9,1,7,7,7,5,3,3,8,4,0,4,2,5,9
2,38,7,1,8,4,0,1,7,2,4,0,4,9,8,7,5,8,1,1,1,3,7,8,0,9,6,5,6,1,3,3,0,6,6,6,4,2,5,4,2,5,3,4,4,2,6,1,4,2,3,6
2,39,9,6,0,1,2,4,4,7,0,9,1,7,4,4,2,8,1,5,9,6,7,7,9,8,0,9,1,6,3,5,1,2,5,1,8,5,9,1,1,4,7,2,0,7,4,4,2,7,6,4
2,40,6,9,9,1,0,9,6,1,6,5,0,7,9,4,1,8,2,0,0,7,7,4,9,7,1,7,3,5,0,5,7,0,8,8,4,9,6,4,6,8,0,1,6,9,2,7,3,7,5,3
2,41,8,3,2,7,8,6,3,6,6,6,9,6,1,0,4,1,9,2,2,9,3,4,6,3,6,7,4,6,9,6,8,4,9,7,5,8,0,9,4,5,8,0,5,5,9,1,4,0,2,2
2,42,4,3,7,5,1,8,8,7,0,4,6,2,1,7,5,5,5,5,5,1,0,5,8,6,1,3,3,1,2,2,2,6,9,9,6,4,8,5,1,8,4,1,6,7,2,3,9,1,6,8
2,43,6,2,9,7,6,2,4,8,2,1,7,8,1,5,0,7,6,1,2,3,6,2,8,0,7,6,5,3,3,6,7,6,8,2,8,4,9,4,5,9,0,3,9,1,6,0,0,4,2,9
2,44,2,5,0,8,0,2,7,8,8,6,2,2,2,4,9,7,3,9,2,9,6,6,9,6,2,7,7,1,5,9,7,4,1,1,9,5,2,2,4,3,4,6,2,2,4,2,3,1,9,7
2,45,3,9,5,5,9,4,4,2,0,1,6,5,5,0,4,5,9,9,6,9,6,5,5,8,4,0,1,1,8,3,8,1,3,3,2,5,3,2,1,0,5,4,5,4,5,9,5,6,7,5
2,46,2,2,4,6,3,2,4,4,1,5,3,8,2,2,5,6,7,2,0,1,2,3,6,8,0,2,1,8,7,7,0,8,4,4,0,2,6,7,2,7,3,0,6,0,2,5,4,7,5,0
2,47,6,0,7,0,6,8,8,8,2,6,6,1,9,4,0,6,8,8,3,8,5,9,4,5,1,5,0,7,0,2,4,8,3,0,9,2,6,6,3,5,7,2,2,0,1,2,3,7,2,6
2,48,4,9,1,5,7,6,4,3,7,3,9,5,9,8,4,3,5,3,0,7,1,3,1,3,7,6,3,9,3,2,1,5,3,4,4,3,6,2,6,9,6,0,4,2,1,4,7,7,0,3
2,49,1,4,2,1,9,1,9,2,8,0,3,6,5,6,9,4,5,1,6,0,0,0,6,7,2,1,5,0,0,8,5,9,3,4,7,4,4,9,8,7,8,9,3,1,1,7,3,5,2,5
3,0,8,5,9,7,6,9,9,8,1,7,2,0,1,4,5,3,4,1,5,4,7,7,4,9,8,8,0,4,6,8,5,2,7,2,8,3,5,7,4,7,5,0,1,8,3,1,7,7,8,4
3,1,1,8,7,1,7,3,3,4,0,2,9,4,2,4,2,5,0,6,3,7,1,4,0,0,9,7,7,7,4,6,4,5,6,6,5,7,6,9,4,3,0,2,3,7,8,6,3,5,9,5
3,2,1,3,6,2,2,8,7,6,9,0,2,4,9,3,7,1,6,4,7,9,7,6,9,5,9,2,9,0,9,2,6,3,7,9,6,1,2,5,2,2,0,5,6,3,9,7,5,6,3,0
3,3,3,6,3,7,0,7,5,5,3,4,4,4,7,1,1,0,9,6,5,3,4,2,6,7,5,5,4,5,6,3,2,2,1,9,3,8,2,9,6,7,6,0,2,9,4,5,0,6,2,4
3,4,6,0,0,7,0,0,7,9,4,6,5,9,6,3,8,1,7,8,3,5,0,1,6,6,7,9,8,0,2,5,8,7,4,9,2,0,9,0,2,4,2,2,9,0,9,1,7,0,6,3
3,5,3,7,4,7,0,0,8,8,1,8,6,4,5,6,8,8,9,9,8,8,9,7,0,2,4,5,7,1,3,5,4,4,5,1,6,9,4,5,8,9,7,4,9,6,3,0,1,7,4,4
3,6,2,4,3,5,8,7,4,0,6,0,3,2,3,4,0,1,7,4,8,0,5,3,7,1,4,0,5,8,4,1,0,5,4,0,1,5,7,0,0,5,1,4,5,4,2,7,6,6,2,0
3,7,5,6,9,0,7,9,3,1,8,2,3,4,0,4,4,9,1,0,2,8,8,3,7,3,6,0,1,0,4,5,0,7,3,9,6,9,0,5,5,4,9,0,4,2,3,1,8,6,6,2
3,8,8,4,2,5,3,7,3,8,7,8,9,9,1,4,4,3,7,4,6,3,9,2,3,4,7,7,1,1,1,4,6,7,5,0,5,8,8,0,5,7,2,6,5,4,4,8,8,3,4,5
3,9,1,8,0,1,7,4,7,0,8,9,3,0,2,6,4,6,8,3,5,7,9,3,6,2,1,1,4,1,8,2,0,5,6,1,3,9,5,0,9,2,7,6,0,5,8,3,4,7,8,5
3,10,3,6,4,7,9,7,3,0,9,8,6,0,9,2,9,2,9,1,2,9,3,9,9,0,6,7,8,1,3,1,0,4,3,8,8,3,6,5,2,0,0,4,7,5,8,5,1,4,8,9
3,11,8,8,1,2,2,9,7,5,1,0,9,7,8,2,3,2,9,0,4,1,0,5,5,3,5,5,7,9,6,7,6,9,3,3,9,9,5,6,3,9,6,5,5,8,2,8,0,2,7,3
3,12,3,3,4,5,0,6,4,3,8,5,7,6,0,5,7,6,8,2,4,4,7,4,1,3,0,2,3,1,6,6,3,2,8,0,5,4,2,6,3,0,6,1,7,5,6,0,5,2,8,7
3,13,0,9,2,8,0,8,8,7,6,7,0,9,9,4,4,7,8,7,4,6,0,6,5,3,3,0,4,0,8,0,3,9,6,1,4,8,5,1,0,1,1,4,3,2,1,8,5,0,5,7
3,14,3,7,9,8,4,4,9,5,4,0,1,2,2,8,9,1,3,7,9,0,5,6,1,7,2,6,8,0,8,6,8,8,1,1,4,7,4,9,7,7,5,7,6,1,4,9,6,5,6,6
3,15,5,0,6,7,0,7,3,4,5,8,6,0,7,4,4,1,1,4,0,3,6,6,4,2,0,6,1,0,8,6,6,3,4,3,8,3,8,1,1,9,0,3,0,1,3,3,3,6,8,4
3,16,8,0,0,8,7,7,1,8,6,6,2,5,4,0,6,5,0,9,2,6,6,2,2,2,3,3,8,1,2,5,1,6,9,6,2,1,5,6,9,5,4,8,8,8,4,2,0,8,5,8
3,17,8,0,4,4,6,3,0,6,6,3,7,3,5,1,8,8,9,6,7,3,2,7,4,8,6,4,6,6,7,1,1,8,0,9,4,5,9,5,9,3,1,8,7,5,6,9,4,3,9,5
3,18,4,2,4,2,5,4,0,5,3,1,7,4,5,8,6,8,9,2,0,9,5,0,9,3,7,5,0,4,3,2,3,0,6,7,6,1,0,8,6,2,9,7,9,4,9,8,6,8,7,4
3,19,8,5,2,7,9,8,2,6,8,7,0,7,5,2,1,8,6,8,7,5,0,7,3,2,8,3,8,2,8,6,6,3,6,2,2,9,5,4,3,8,2,6,0,2,6,0,6,8,1,6
3,20,0,6,9,0,6,9,7,2,2,9,2,1,2,7,6,7,6,7,0,2,2,7,6,0,1,8,8,4,6,3,3,5,8,3,0,9,9,2,4,8,5,3,4,1,9,6,7,5,3,4
3,21,6,5,9,6,7,7,8,7,1,8,1,4,5,5,5,7,3,0,7,0,8,3,6,8,0,8,9,8,6,8,0,3,8,6,1,8,7,9,9,2,5,8,5,6,8,2,4,5,0,7
3,22,2,3,0,3,0,1,0,9,7,4,4,6,0,2,9,7,0,4,7,1,1,5,3,0,2,7,4,9,9,9,0,4,1,0,9,9,2,9,4,9,5,0,6,7,9,7,9,5,3,4
3,23,7,3,1,7,0,6,2,0,0,2,1,9,4,1,3,1,4,9,7,0,0,4,1,0,6,6,4,2,7,6,8,6,2,4,0,8,8,1,8,8,9,3,4,8,6,6,4,0,0,3
3,24,2,3,1,4,0,7,0,5,3,8,6,7,3,4,8,6,1,7,3,5,7,2,3,5,2,5,8,1,7,3,8,3,5,6,2,6,9,5,2,7,0,1,1,3,9,8,3,7,2,8
3,25,9,8,9,4,6,4,8,7,6,8,7,3,5,2,9,1,5,3,1,7,1,4,7,4,9,0,6,4,4,8,8,4,9,0,5,3,3,8,8,5,6,3,1,2,0,6,7,4,6,6
3,26,6,4,0,8,2,4,0,8,6,9,7,9,7,4,4,9,2,7,1,9,4,7,7,7,4,2,0,0,5,5,7,3,6,4,4,1,4,0,4,2,4,5,2,3,7,3,8,4,9,6
3,27,8,7,4,3,5,6,9,5,2,8,2,7,4,0,9,4,8,6,4,8,2,7,1,6,2,9,2,4,9,4,7,9,1,3,9,3,1,8,2,4,7,4,8,1,9,4,1,9,2,4
3,28,6,9,1,1,4,0,9,9,2,7,6,0,1,7,3,2,6,3,3,8,4,5,9,6,7,8,1,2,1,3,9,8,5,8,4,8,9,6,9,9,6,2,4,6,8,4,0,2,9,0
3,29,1,6,3,6,4,6,6,6,6,5,9,8,0,1,8,9,0,9,9,7,2,6,5,0,9,3,5,6,5,8,8,8,7,7,1,4,0,7,6,1,3,4,8,2,4,7,7,7,7,8
3,30,2,0,8,6,5,5,9,3,3,7,7,4,5,1,9,1,5,3,9,4,7,1,2,1,2,7,9,7,4,1,3,8,6,7,6,1,5,6,7,1,3,8,0,6,3,4,2,8,0,7
3,31,4,0,5,4,5,4,3,9,8,2,6,6,5,7,5,6,4,8,8,8,2,6,9,1,8,6,1,5,5,5,9,2,1,7,2,8,9,9,6,2,1,7,7,4,2,0,3,6,5,0
3,32,4,9,5,5,4,9,5,7,8,8,2,2,9,7,0,2,5,7,1,8,5,2,9,1,5,8,2,6,4,0,5,8,8,7,8,0,9,9,4,3,6,9,6,4,0,7,1,5,8,1
3,33,3,7,1,8,1,2,7,6,4,4,9,7,2,4,0,3,2,5,7,8,3,5,2,8,7,8,8,7,7,4,2,4,9,3,0,5,3,7,5,8,9,2,6,9,4,7,1,8,5,4
3,34,2,3,3,4,6,3,7,4,3,9,7,8,0,7,9,7,6,4,9,3,6,2,5,0,6,7,0,2,0,5,6,7,8,6,9,1,5,4,0,6,0,3,8,6,8,2,6,5,1,2
3,35,1,2,9,8,7,9,8,3,6,0,2,1,4,4,9,1,9,2,0,8,5,0,1,3,9,1,9,4,9,8,3,7,7,1,1,2,1,3,3,6,2,5,6,8,7,5,6,7,1,0
3,36,2,8,1,6,5,8,8,1,8,4,9,2,4,0,8,1,4,6,3,1,9,0,4,1,1,7,7,6,3,8,5,9,0,6,4,7,3,3,5,8,4,1,9,5,1,2,8,4,0,8
3,37,7,0,0,7,9,1,4,5,5,7,3,3,4,7,9,5,5,4,3,7,9,6,9,3,9,1,1,2,3,1,7,5,4,1,7,4,3,1,0,9,3,0,1,5,2,7,2,5,7,3
3,38,2,9,0,1,8,4,7,3,3,4,3,3,1,5,9,4,6,2,7,0,9,4,5,2,9,0,2,4,7,5,6,1,6,4,0,0,2,1,9,3,2,2,9,2,4,3,2,0,8,8
3,39,8,8,0,3,9,4,1,2,2,2,2,1,2,1,9,0,4,7,3,6,5,5,7,9,9,2,3,7,6,5,5,5,3,2,4,0,9,3,5,8,8,9,6,8,9,3,2,6,5,1
3,40,9,5,9,7,3,1,6,5,9,9,4,4,5,1,4,2,8,9,9,6,9,9,1,9,2,4,6,4,7,2,9,0,6,6,0,4,8,1,4,0,5,5,2,3,9,4,8,3,2,6
3,41,9,0,7,6,1,5,8,3,2,2,9,0,8,3,1,6,4,5,0,6,8,2,7,3,5,7,3,5,1,7,7,6,9,6,9,9,5,1,4,6,1,3,9,7,0,3,9,3,6,3
3,42,4,5,7,6,8,0,7,1,1,8,4,2,7,2,0,5,4,1,6,9,0,6,9,0,6,7,3,9,8,6,1,8,8,0,6,9,0,6,8,9,8,6,0,2,4,7,2,0,7,3
3,43,8,8,9,9,5,7,3,5,5,4,6,2,9,0,1,1,5,6,3,6,6,7,5,6,0,4,5,6,1,3,3,5,9,2,4,9,4,8,5,4,8,0,9,6,6,2,6,8,4,0
3,44,6,3,5,0,9,3,4,3,6,4,0,7,5,3,1,3,0,4,2,9,4,7,7,7,9,0,0,4,9,6,4,4,2,7,3,4,7,7,9,2,9,0,4,5,9,4,0,2,1,1
3,45,0,5,0,7,4,4,2,9,4,4,1,2,9,9,2,7,6,8,4,9,3,2,0,3,0,8,0,5,7,3,9,0,6,5,6,2,9,9,0,7,1,5,7,7,4,7,3,7,7,4
3,46,6,3,2,4,9,9,4,1,4,8,0,2,7,7,0,9,9,3,4,9,4,7,8,3,8,3,3,1,4,8,7,6,2,7,8,2,0,5,5,7,6,6,7,5,2,7,0,1,7,7
3,47,1,3,5,5,6,8,1,2,5,1,7,7,9,6,7,3,6,1,5,1,4,2,7,2,6,8,4,2,6,6,3,7,2,4,1,1,9,9,3,0,1,1,6,1,6,0,4,6,3,0
3,48,6,7,9,7,0,7,8,5,8,6,6,1,4,3,5,3,8,7,6,5,1,7,2,4,9,9,1,9,1,7,5,4,4,3,2,9,0,9,8,0,6,2,5,8,0,4,4,1,7,7
3,49,0,4,2,3,8,4,4,1,1,7,8,4,6,5,9,1,2,1,5,3,4,7,5,8,4,4,1,7,0,6,5,7,6,3,4,5,0,0,0,8,1,4,0,8,8,3,7,8,4,2
4,0,3,4,6,8,4,1,5,8,8,1,1,5,9,8,2,2,7,2,4,9,6,9,3,5,0,6,0,8,7,4,7,1,6,0,5,9,2,4,2,7,2,9,5,9,8,3,6,0,5,4
4,1,7,6,7,5,6,5,5,6,2,7,4,2,8,1,0,1,8,1,4,5,2,2,8,7,8,6,1,3,7,9,1,7,3,1,0,2,5,9,5,7,6,9,3,6,8,8,5,4,6,9
4,2,8,8,9,5,0,9,8,1,4,1,2,5,6,6,3,8,7,8,4,1,4,8,2,3,4,9,6,1,9,5,0,0,1,1,6,3,7,5,5,6,6,8,4,7,7,9,8,8,8,0
4,3,3,5,2,7,2,1,7,7,4,4,1,2,9,4,7,5,9,8,9,5,6,9,1,3,5,2,8,2,1,4,2,3,1,7,5,8,3,4,2,8,0,6,1,3,2,6,9,3,2,7
4,4,5,7,7,3,0,2,9,5,1,1,1,3,4,1,9,3,8,0,8,8,9,5,8,2,8,9,1,8,2,0,0,0,8,5,7,7,4,2,6,2,2,8,6,4,9,0,9,3,0,7
4,5,9,6,6,0,7,3,3,3,7,8,7,1,8,8,8,1,8,3,5,9,5,9,4,0,4,3,8,7,5,3,3,1,9,3,8,4,5,6,8,6,0,9,1,3,1,9,0,5,8,3
4,6,7,9,1,8,6,2,5,3,6,3,6,8,9,8,3,1,6,3,0,8,0,1,6,1,1,3,0,2,1,0,2,1,3,4,1,2,7,8,4,2,5,3,9,9,1,9,6,7,2,5
4,7,7,0,9,0,8,5,8,3,5,1,1,2,4,1,9,3,7,8,8,3,1,3,7,6,3,9,5,4,5,1,0,2,3,6,8,5,2,6,4,9,8,9,6,0,7,7,7,5,6,4
4,8,9,3,0,0,0,2,4,0,2,8,2,6,1,4,0,9,1,3,2,1,4,0,7,8,8,9,3,1,1,5,1,8,7,9,6,8,1,4,9,4,0,2,4,0,1,3,6,3,5,3
4,9,9,2,0,0,0,5,2,4,2,1,2,3,5,4,0,7,2,7,6,7,3,8,1,7,4,5,6,7,8,9,9,9,7,6,1,3,3,2,5,9,8,0,8,3,5,6,4,4,4,4
4,10,4,4,6,2,0,4,5,0,2,4,3,6,9,6,0,3,8,9,2,2,2,0,4,4,4,7,4,3,1,9,9,6,2,5,8,4,7,8,5,6,9,6,3,9,6,4,2,3,2,7
4,11,7,8,8,5,4,5,0,5,6,3,1,5,5,2,0,3,2,7,2,7,9,4,6,3,6,6,9,6,0,4,0,3,3,9,9,7,3,1,5,2,7,9,5,4,1,7,1,4,6,7
4,12,0,9,4,4,8,3,5,2,6,8,9,3,6,1,0,5,2,7,5,4,6,3,3,8,5,4,7,5,3,8,9,4,0,3,4,4,9,8,7,5,4,4,7,3,9,5,4,6,9,6
4,13,6,7,0,3,4,9,2,7,1,4,2,0,6,8,7,9,2,6,0,2,1,6,0,2,7,4,4,3,8,9,1,6,9,5,4,3,5,4,9,0,2,6,0,3,6,0,9,2,2,5
4,14,0,7,2,6,6,5,7,3,9,1,7,9,6,0,1,6,3,5,0,5,7,0,7,7,0,7,0,6,9,0,3,0,5,7,0,0,3,9,7,7,2,4,4,7,2,1,0,6,5,2
4,15,5,3,2,5,2,2,8,9,5,9,0,7,7,8,8,5,1,5,3,9,5,1,1,5,5,9,5,4,9,9,7,5,3,1,6,0,0,2,9,7,8,3,0,0,4,4,0,5,5,2
4,16,7,5,1,1,7,6,6,2,6,4,3,6,8,0,4,4,4,5,2,6,2,7,6,6,7,7,2,1,1,1,9,5,1,2,4,2,9,2,0,3,5,1,8,5,9,2,4,5,7,4
4,17,7,3,5,8,6,3,4,2,7,3,9,5,2,4,8,9,1,2,8,6,6,2,2,0,4,3,7,7,5,4,3,8,6,5,1,2,4,7,6,8,8,8,9,8,9,2,0,5,3,6
4,18,8,1,4,6,1,1,4,1,5,4,2,6,6,8,1,3,6,8,9,6,8,7,6,2,3,4,1,1,5,9,7,0,3,1,8,4,6,5,7,3,9,1,2,0,0,4,3,3,6,6
4,19,0,0,8,5,6,1,1,3,4,7,5,6,1,6,6,6,6,2,8,3,1,0,0,3,3,9,8,8,5,7,2,1,8,0,3,4,3,5,8,8,5,9,9,0,0,4,5,4,7,2
4,20,6,0,1,4,1,5,9,7,1,7,4,6,4,5,3,1,9,9,9,8,6,9,8,8,5,2,8,6,7,8,1,9,6,3,2,1,6,7,1,6,8,1,2,3,4,7,9,5,9,5
4,21,2,9,5,0,7,6,4,0,5,6,9,2,9,5,6,5,2,4,5,0,2,8,4,2,7,1,1,8,0,3,6,2,1,3,7,3,6,7,3,1,6,6,9,8,6,4,2,7,0,1
4,22,8,0,4,2,7,7,7,8,0,9,5,5,7,1,9,7,8,1,3,1,4,3,7,0,0,2,4,0,4,1,3,8,6,2,6,8,8,9,9,9,3,9,4,8,4,5,5,2,5,1
4,23,5,1,8,7,2,4,8,7,5,9,4,7,1,0,2,6,0,9,0,2,0,6,9,0,6,0,2,0,5,8,2,8,5,9,1,3,1,2,8,9,3,2,6,7,0,1,0,1,6,2
4,24,1,8,8,3,2,9,7,5,5,0,8,5,3,4,2,4,4,4,4,6,5,7,9,6,2,8,2,9,1,3,6,1,2,3,3,0,2,2,1,9,4,4,7,5,8,0,9,4,1,8
4,25,9,0,8,2,3,6,8,1,4,7,0,8,8,1,9,8,7,5,0,8,1,0,8,9,7,6,2,3,9,2,6,6,7,1,6,0,4,2,7,9,4,3,6,3,3,2,3,7,5,1
4,26,6,6,2,7,9,9,8,0,6,0,7,6,2,6,1,8,1,1,7,2,0,0,0,9,5,6,1,6,5,3,0,0,5,0,4,3,8,3,8,2,4,9,5,6,1,6,2,0,6,5
4,27,0,6,2,2,3,6,5,5,4,7,6,8,1,7,9,6,0,0,0,3,9,9,1,0,1,7,6,7,8,8,1,9,7,4,1,2,4,5,1,6,9,2,8,8,9,3,2,7,0,2
4,28,0,9,3,6,3,6,6,2,5,7,2,5,5,8,5,6,4,0,3,7,2,5,0,6,1,0,9,3,6,3,2,7,8,3,1,6,2,3,6,8,9,2,1,9,5,4,4,5,5,8
4,29,2,0,4,0,8,1,6,0,1,8,4,8,2,2,8,5,4,9,5,3,8,7,4,6,9,9,2,6,1,7,7,6,8,1,4,3,3,6,2,4,0,8,6,6,4,5,0,8,0,4
4,30,4,1,8,8,1,9,6,7,8,3,1,5,1,0,2,7,1,5,6,8,5,5,0,5,6,3,6,3,6,6,8,2,5,2,2,2,6,8,3,7,1,6,7,0,6,4,2,5,8,5
4,31,8,3,2,0,3,0,6,3,4,9,3,5,0,9,7,8,3,3,0,1,7,0,5,2,8,2,8,8,4,6,1,4,6,3,3,9,2,8,4,1,0,1,5,1,4,2,0,4,2,4
4,32,1,0,0,0,8,3,4,0,4,3,1,8,4,9,6,0,2,2,2,3,7,7,4,2,0,5,9,5,5,5,7,0,2,3,8,6,1,2,6,9,9,6,7,3,8,8,3,6,3,2
4,33,1,3,4,8,6,9,6,1,2,9,9,9,4,2,8,7,1,2,0,5,8,7,0,1,8,6,3,5,7,4,9,0,2,8,8,7,4,6,0,4,8,1,6,0,9,8,5,3,0,5
4,34,8,5,7,9,7,0,7,9,9,2,2,7,4,7,5,1,1,1,2,7,4,1,5,8,4,9,4,0,2,7,6,5,8,2,9,2,7,6,6,9,2,2,8,1,8,4,1,0,4,7
4,35,4,6,5,8,0,8,8,8,4,9,7,5,0,9,3,8,1,9,3,0,9,3,5,3,3,8,3,6,7,5,9,1,6,9,3,1,2,0,3,8,9,2,1,0,3,5,5,5,4,4
4,36,2,7,3,6,3,4,4,0,5,4,8,9,7,1,7,5,0,7,4,0,2,0,6,3,1,5,6,5,9,2,0,2,8,1,1,7,3,9,7,7,8,3,8,1,0,6,1,3,9,8
4,37,6,9,0,2,8,4,1,5,0,6,9,1,7,3,0,2,2,2,2,6,2,0,5,2,5,3,8,1,6,5,9,5,3,0,9,3,0,2,9,1,0,5,4,3,2,9,5,8,7,2
4,38,4,2,8,6,3,3,0,6,0,9,9,9,9,0,8,4,9,4,4,9,5,7,0,1,0,3,2,4,6,3,2,4,5,8,2,5,1,3,5,0,3,6,6,8,6,8,8,9,3,4
4,39,4,3,5,6,2,2,3,6,1,6,3,6,2,3,4,4,3,0,7,8,7,1,7,0,2,3,7,2,9,0,4,9,5,0,2,5,5,3,5,7,3,4,8,6,6,3,0,0,3,7
4,40,3,0,2,8,0,2,0,9,7,2,7,4,2,0,1,9,7,9,7,6,9,9,3,9,1,3,5,6,6,8,9,5,7,6,2,3,5,2,0,0,8,3,4,5,6,2,3,5,0,6
4,41,1,9,2,0,0,8,0,0,7,0,8,1,7,2,1,6,2,5,6,8,7,4,2,7,7,8,2,7,4,9,7,9,1,8,1,2,2,3,0,1,7,6,5,6,2,7,4,6,2,7
4,42,3,7,9,8,2,3,8,8,0,4,8,5,4,6,9,1,3,3,6,5,3,7,5,4,6,2,6,6,5,9,6,5,5,2,4,1,4,5,2,3,9,5,0,8,7,5,9,5,5,3
4,43,1,1,3,8,7,7,2,3,5,3,2,3,5,0,9,2,7,8,8,3,7,3,6,0,1,1,5,0,5,4,0,1,3,4,0,5,2,5,4,4,4,7,2,0,9,1,1,3,3,8
4,44,1,9,6,5,1,7,6,1,6,6,8,1,0,2,0,3,6,3,3,2,6,0,3,1,5,5,0,7,4,0,2,3,7,8,8,4,2,3,1,4,4,2,8,6,9,6,6,1,8,3
4,45,7,2,8,9,3,9,3,8,9,6,9,8,9,5,6,7,0,3,9,5,8,6,8,9,8,3,2,2,5,2,7,0,1,5,8,6,8,0,7,1,2,9,8,3,1,5,8,4,4,8
4,46,7,8,9,8,8,7,9,2,1,6,2,2,2,1,3,2,4,9,1,3,3,3,7,9,7,6,8,1,5,8,4,2,5,9,0,1,9,5,3,0,3,8,0,8,1,0,2,3,4,6
4,47,7,3,2,9,6,8,2,6,4,8,7,6,9,6,6,4,7,0,6,6,3,6,6,8,9,2,4,9,1,2,1,0,6,3,6,9,3,2,8,9,0,0,0,3,1,5,1,2,7,8
4,48,8,2,0,9,1,1,3,0,3,5,8,9,0,9,4,0,2,0,8,9,3,2,9,5,8,6,9,0,2,3,8,3,7,7,2,3,2,3,0,7,2,5,5,2,7,0,8,3,1,8
4,49,6,8,2,3,6,0,4,0,3,9,3,3,7,2,9,4,4,1,0,2,1,3,4,9,3,1,1,3,8,6,6,9,5,1,9,5,2,6,3,4,5,3,4,3,0,9,4,9,1,0
